title,website,phone,address,content,Emails,personalized mail,total cost,accumulated cost
EAV Centro Universitario y Escuela de Aviación,https://eav.edu.mx/,+52 55 3401 5655,"Blvd. Puerto Aéreo 81, Industrial Puerto Aéreo, Venustiano Carranza, 15710 Ciudad de México, CDMX, México","EAV Inicio Nosotros Historia Filosofía Normativa » Reglamento General Universitario Aprendizaje en Modelo Hibrido Reglas de Operación de Educación en Línea Reglamento Interno para Personal Técnico Aeronáutico Manual de Prácticas de Vuelo Real y Simulado Lineamientos Generales de la Función Docente Reglamento del Alumno Oferta academica Carreras Técnicas » Sobrecargo de aviación Piloto Privado de Ala Fija Piloto Comercial de Ala Fija Oficial de Operaciones Mantenimiento de aeronaves Piloto Privado de Ala Rotativa Piloto Comercial de Ala Rotativa TSU Licenciaturas » LASGA Administración Comercio Internacional Derecho Educación Mercadotecnia Especialidades Maestrias Campus Veracruz CDMX Monterrey Puebla Servicios escolares Servicio social Practicas Titulación Convenios Becas Calendario Escolar Plataformas Moodle Alumnos EAV es una Institución líder en la educación superior de Personal Técnico Aeronáutico así como en diversas modalidades de estudio por medio de licenciaturas que son acordes con la demanda del mercado actual. Campus Veracruz Campus Puebla Campus MTY Campus CDMX ¡Noticias! Aborda con nosotros y unete a la experiencia de volar. ¡Atrevete! ¡Conoce nuestras licenciaturas! Contamos con diferentes modalidades y becas, encuentra tu carrera ideal y empieza a vivir la experiencia EAV. Contactanos Ya casi estas inscrito! Ingresa tus datos. Uno de nuestros agentes especializados
                se pondra en contacto contigo a la brevedad.
                Mientras tanto, da click abajo y ubicanos. Ubicanos EAV Veracruz Close Instagram : info@eav.edu.mx : cobranza@eav.edu.mx Veracruz: (+52) 229-200-0233 © Copyright 2023 EAV. Todos los derechos reservados. Terminos Cookies Mapa","info@eav.edu.mx, cobranza@eav.edu.mx","Asunto: ¡Despegue Seguro con Sabor! Deguste los Brownies de Zenith Snacks en EAV Centro Universitario y Escuela de Aviación

Estimado Equipo de EAV Centro Universitario y Escuela de Aviación,

¡Buen día! Espero estén teniendo unos vuelos excepcionales y bien planificados, tanto en los cielos como en su increíble e inspiradora institución. Mi nombre es Luis Santiago López, y represento a Zenith Snacks, una empresa comprometida con la creación de deliciosos y saludables bocadillos.

Estamos emocionados por la posibilidad de colaborar con EAV, el referente en educación superior de Personal Técnico Aeronáutico y licenciaturas que vuelan alto sirviendo a la demanda del mercado actual. Creemos que introducir nuestros brownies saludables es una forma dulce de contribuir al bienestar y rendimiento de su talentosa comunidad estudiantil.

Nuestros brownies están elaborados con ingredientes de la más alta calidad, libres de conservantes artificiales y bajos en azúcar, brindando una alternativa más saludable a los snacks convencionales. Estos bocadillos son perfectos para mantener a sus estudiantes y staff con la energía necesaria para enfrentarse a las largas jornadas de estudio y a las desafiantes prácticas de vuelo.

Nos encantaría tener la oportunidad de realizar una degustación gratuita en su plantel en la Ciudad de México. Creemos que, al probar nuestros deliciosos brownies, podrán apreciar el valor que podemos ofrecer a su comunidad. En Zenith Snacks, entendemos la importancia de un soporte nutricional adecuado para mantener un rendimiento óptimo en cada vuelo académico.

Para coordinar esta degustación de manera más conveniente, los invitamos a agendar una cita telefónica a través del siguiente enlace de Calendly: [enlace de Calendly]. Estaremos encantados de ajustar nuestros horarios a sus necesidades y preferencias.

Les agradezco de antemano por su tiempo y consideración. Estoy seguro de que esta colaboración puede despegar a alturas increíbles, beneficiando tanto a sus estudiantes como al prestigio ya bien establecido de EAV Centro Universitario y Escuela de Aviación.

Atentamente,

Luis Santiago López  
Zenith Snacks  
Teléfono: 56-5588-1674  
Whatsapp: 55-3417-8573  
zenith.snacks@gmail.com",0.01297,0.01297
Instituto Fleming Zaragoza,http://www.institutofleming.edu.mx/,+52 55 4538 2960,"Calz. Ignacio Zaragoza 675, Puebla, Venustiano Carranza, 15020 Ciudad de México, CDMX, México","Instituto Fleming – Tu mejor alternativa educativa 5556862752 / 5556858511 info@institutofleming.edu.mx Instituto Fleming – Tu mejor alternativa educativa Nosotros Oferta Académica Bachillerato Bachillerato Acuerdo 286 SEP Bachillerato con Asistente Educativo Bachillerato con Computación Bachillerato con Gastronomía Bachillerato con Puericultura Bachillerato con Turismo Técnicas Asistente Educativo (18 meses) Asistente Educativo (2 años) Gastronomía Licenciaturas Licenciatura Acuerdo 286 SEP Licenciatura en Administración Licenciatura en Derecho Licenciatura en Diseño Gráfico Licenciatura en Mercadotecnia Licenciatura en Psicopedagogía Ingeniería Industrial Maestrías Maestría en Derecho Penal Maestría en Educación Institución Planteles Promociones Plataforma Digital Bachillerato Acuerdo 286 Bachillerato Licenciatura Contacto Bolsa de Trabajo Bolsa de Trabajo para Docentes Bolsa de Trabajo para Ventas Bolsa de Trabajo para Administrativos Instituto Fleming – Tu mejor alternativa educativa Nosotros Oferta Académica Bachillerato Bachillerato Acuerdo 286 SEP Bachillerato con Asistente Educativo Bachillerato con Computación Bachillerato con Gastronomía Bachillerato con Puericultura Bachillerato con Turismo Técnicas Asistente Educativo (18 meses) Asistente Educativo (2 años) Gastronomía Licenciaturas Licenciatura Acuerdo 286 SEP Licenciatura en Administración Licenciatura en Derecho Licenciatura en Diseño Gráfico Licenciatura en Mercadotecnia Licenciatura en Psicopedagogía Ingeniería Industrial Maestrías Maestría en Derecho Penal Maestría en Educación Institución Planteles Promociones Plataforma Digital Bachillerato Acuerdo 286 Bachillerato Licenciatura Contacto Bolsa de Trabajo Bolsa de Trabajo para Docentes Bolsa de Trabajo para Ventas Bolsa de Trabajo para Administrativos Ven y conócenos 45 años de experiencia Solo en Fleming La oportunidad de tener un mejor futuro Inscripciones abiertas Pregunta por nuestro sistema de becas En 6 meses Curso de gastronomía Planteles Plantel Iztapalapa Ermita Iztapalapa 1405, San Pablo, Iztapalapa, 09000 Ciudad de México, CDMX Ver ubicación Plantel Zaragoza Calz. Ignacio Zaragoza 675, Puebla, Venustiano Carranza, 15020 Ciudad de México, CDMX Ver Ubicación Plantel Tlalnepantla Av. Río Lerma, esq. Zahuatlán Col. La Romana Ver Ubicación Nuestras carreras Todo Bachillerato Carreras Licenciatura Maestrías Todo Bachillerato Carreras Licenciatura Maestrías 1 Step 1 Informes Nombre your full name Email a valid email Área de interés pick one! Bachillerato Carrera Técnica Licenciatura Enviar datos Previous Next FormCraft - WordPress form builder Estudia una carrera y consigue mejores oportunidades laborales Nuestra comunidad All Nuestros números 3 Planteles Contamos con tres planteles, siempre cerca de ti, ven y conócenos 14 Planes de estudios de gran nivel Contamos con 6 modalidades de bachillerato, 2 carreras técnicas y 6 licenciaturas ajustadas a lo que buscas en tu formación. 3042 Estudiantes Contamos con una extensa matricula en crecimiento. Visitantes:  8 Inscríbete y aprovecha la beca que tenemos para ti Inscríbete aquí Reglamento Universitario Aviso de Privacidad Reglamento Escolar Copyright © 2022 Instituto Fleming ` Sign In The password must have a minimum of 8 characters of numbers and letters, contain at least 1 capital letter Recordarme Sign In Registrarse Restaurar la contraseña Send reset link Password reset link sent to your email Cerrar Your application is sent We'll send you an email as soon as your application is approved. Go to Profile No account? Registrarse Sign In Contraseña perdida",info@institutofleming.edu.mx,"Asunto: ¡Aumenta la Energía Estudiantil del Instituto Fleming Zaragoza con los Deliciosos Brownies de Zenith Snacks!

Estimado equipo del Instituto Fleming Zaragoza,

¡Hola! Espero que este correo les encuentre llenos de energía y listos para descubrir una delicia que hará que sus estudiantes exclamaran ¡Eureka! al estilo de Fleming. Mi nombre es Luis Santiago López y soy representante de Zenith Snacks, una compañía apasionada por crear snacks saludables y deliciosos que están hechos para nutrir mentes curiosas como las de sus estudiantes.

Nos encantaría colaborar con el Instituto Fleming Zaragoza para traerles una experiencia única: nuestros irresistibles brownies. Sabemos que su institución se destaca por su amplia oferta académica y por formar una comunidad estudiantil diversa y en constante crecimiento. Justamente, los estudiantes requieren de snacks que no solo sean deliciosos, sino que también les brinden la energía necesaria y los nutrientes adecuados para sus actividades académicas y extracurriculares.

Nuestros brownies están elaborados con ingredientes de alta calidad, libres de conservantes artificiales y bajos en azúcar, convirtiéndose así en una opción perfecta y saludable para su comunidad estudiantil. Imaginamos lo bien que podrían encajar en las pausas entre clases de su variado bachillerato – desde los estudiantes de gastronomía hasta aquellos de computación y turismo – o incluso en los recesos entre las dinámicas y creativas clases de sus diversas licenciaturas.

Para que puedan comprobar por sí mismos la excelencia de nuestros productos, nos gustaría invitarles a una degustación especial que realizaríamos en su plantel de la Ciudad de México. Esta sería una excelente oportunidad para que sus estudiantes y docentes experimenten de primera mano los beneficios y el sabor de nuestros brownies.

Nos encantaría agendar una cita para discutir más a fondo cómo Zenith Snacks puede convertirse en su aliado en la promoción de una alimentación más saludable y deliciosa para sus alumnos. Pueden agendar una reunión telefónica conmigo a través del siguiente enlace de Calendly: [Calendly Link].

Esperamos tener la oportunidad de colaborar con ustedes y contribuir al bienestar y la energía de sus estudiantes.

Agradezco de antemano su atención y quedo a su disposición para cualquier consulta que puedan tener.

Atentamente,

Luis Santiago López  
Zenith Snacks  
Teléfono: 56-5588-1674  
Whatsapp: 55-3417-8573  
zenith.snacks@gmail.com  

P.S.: Confío en que después de probar nuestros brownies, estarán convencidos de haber encontrado el snack perfecto para su comunidad académica. ¡Nos vemos pronto!",0.01586,0.02883
